"species","model","cv","COR","ROC","PRG"
"awt01","BRT-stump","spatial",0.268275308480995,0.668916549789622,0.419739296988017
"awt01","BRT-stump","random",0.290657150655344,0.696704067321179,0.514891231476666
"awt01","MaxEnt-LQP","spatial",0.229597649021648,0.649850981767184,0.416481879150838
"awt01","MaxEnt-LQP","random",0.252638117819582,0.668215287517533,0.459763061057323
"awt02","BRT-stump","spatial",0.572850650887324,0.748348530901726,0.731135839493963
"awt02","BRT-stump","random",0.599974903441708,0.821215805471125,0.813547171826345
"awt02","MaxEnt-LQP","spatial",0.577701989035588,0.786504559270516,0.786397837041289
"awt02","MaxEnt-LQP","random",0.595150388667335,0.835744680851068,0.832782905261796
"awt03","BRT-stump","spatial",0.130036465262645,0.59148021602557,0.218356620782857
"awt03","BRT-stump","random",0.149158091313763,0.571604393989489,0.143409212340544
"awt03","MaxEnt-LQP","spatial",0.100432415289859,0.557698666372754,0.145671955297147
"awt03","MaxEnt-LQP","random",0.146050925078461,0.555384106690178,0.123989483562241
"awt04","BRT-stump","spatial",0.0346658284823317,0.527350813743218,0.0833215147727168
"awt04","BRT-stump","random",-0.0780787112296489,0.475744192516343,-0.121214031733486
"awt04","MaxEnt-LQP","spatial",0.074142317830663,0.542982334121576,0.0439205251610117
"awt04","MaxEnt-LQP","random",-0.0501866617858828,0.488524134093754,-0.0726617017582173
"awt05","BRT-stump","spatial",0.114915041608792,0.606237745987947,0.362842188804274
"awt05","BRT-stump","random",0.220348156972351,0.679144579188149,0.348565568952612
"awt05","MaxEnt-LQP","spatial",0.0702500190836057,0.545639387117857,0.184498393077285
"awt05","MaxEnt-LQP","random",0.251314973041454,0.717740178636262,0.444367901322215
"awt06","BRT-stump","spatial",0.42785978206666,0.735521302995356,0.510770017664879
"awt06","BRT-stump","random",0.491118104323381,0.758274789416659,0.542835307755211
"awt06","MaxEnt-LQP","spatial",0.532325411936778,0.815875013106857,0.637293145220593
"awt06","MaxEnt-LQP","random",0.575251336995067,0.82216629967496,0.620525302417037
"awt07","BRT-stump","spatial",0.128598330924125,0.578244911578244,0.110567057913225
"awt07","BRT-stump","random",0.156131316623048,0.587182420515752,0.160577000055744
"awt07","MaxEnt-LQP","spatial",0.0560423614390375,0.517088517088515,-0.0345659449803176
"awt07","MaxEnt-LQP","random",0.122303426002891,0.564802898136231,0.13911444323377
"awt08","BRT-stump","spatial",0.680392896581148,0.87251447269066,0.852064210264371
"awt08","BRT-stump","random",0.721519212957531,0.926953363776924,0.899587314725672
"awt08","MaxEnt-LQP","spatial",0.657123287059943,0.878177699471432,0.840971400926025
"awt08","MaxEnt-LQP","random",0.681894930688962,0.888749056128876,0.864513253057871
"awt09","BRT-stump","spatial",0.0554514845857998,0.569912747707777,0.0484194612324975
"awt09","BRT-stump","random",0.206238415006573,0.679384797397218,0.599503389266276
"awt09","MaxEnt-LQP","spatial",0.192972520933949,0.671916592724045,0.667166676146556
"awt09","MaxEnt-LQP","random",0.262185785587917,0.712954747116235,0.683281788341646
"awt10","BRT-stump","spatial",0.201670417431522,0.62584445542923,0.221860867122947
"awt10","BRT-stump","random",0.25481041580895,0.653155379798981,0.349120915981776
"awt10","MaxEnt-LQP","spatial",0.108052349532462,0.56928653814467,0.22488519904623
"awt10","MaxEnt-LQP","random",0.281954559810064,0.67844784972813,0.442736649937794
"awt11","BRT-stump","spatial",0.0534603263944195,0.588920254057866,0.399888859084053
"awt11","BRT-stump","random",0.0643622087064222,0.586097388849679,0.614835230747732
"awt11","MaxEnt-LQP","spatial",0.0497432982789742,0.558456833686193,0.377791290501081
"awt11","MaxEnt-LQP","random",0.0381877986575559,0.559397788755585,0.110116601068656
"awt12","BRT-stump","spatial",0.25591298359029,0.839409722222223,0.595249281492783
"awt12","BRT-stump","random",0.222157781223386,0.783661265432099,0.476150862244274
"awt12","MaxEnt-LQP","spatial",0.243970671511871,0.815972222222222,0.756964454892754
"awt12","MaxEnt-LQP","random",0.272808142895115,0.858603395061728,0.632060043385242
"awt13","BRT-stump","spatial",0.437871811602436,0.782357060471248,0.654883376836737
"awt13","BRT-stump","random",0.416682812825076,0.763346515076623,0.579000081484934
"awt13","MaxEnt-LQP","spatial",0.341314308262832,0.709630911188009,0.605451088363909
"awt13","MaxEnt-LQP","random",0.398696004763879,0.765364969517225,0.641260440505137
"awt14","BRT-stump","spatial",0.467331847905425,0.855216783216775,0.896444661013163
"awt14","BRT-stump","random",0.501712635189829,0.903384615384613,0.925916916671159
"awt14","MaxEnt-LQP","spatial",0.528455908411183,0.838993006993005,0.909979654543992
"awt14","MaxEnt-LQP","random",0.59509059905343,0.890797202797203,0.956043136934602
"awt15","BRT-stump","spatial",0.442827004777426,0.712487019730014,0.451608978428844
"awt15","BRT-stump","random",0.499858381660492,0.751001335113483,0.516765276214604
"awt15","MaxEnt-LQP","spatial",0.311072508783611,0.68591455273698,0.294408329668456
"awt15","MaxEnt-LQP","random",0.47671535090584,0.767949859071354,0.51211990117243
"awt16","BRT-stump","spatial",0.247478706182109,0.700888813405798,0.597716481428313
"awt16","BRT-stump","random",0.223717103955101,0.676828577898549,0.399730834915216
"awt16","MaxEnt-LQP","spatial",0.449116900103975,0.812952898550724,0.815277716697999
"awt16","MaxEnt-LQP","random",0.374223401961177,0.792855525362317,0.829426085099567
"awt17","BRT-stump","spatial",0.414323262696722,0.76805538486747,0.611255401560768
"awt17","BRT-stump","random",0.469563451939001,0.80865183728647,0.690093717029997
"awt17","MaxEnt-LQP","spatial",0.341094202385491,0.714391053213707,0.599589323748606
"awt17","MaxEnt-LQP","random",0.493661230722898,0.81582073655319,0.76592013251674
"awt18","BRT-stump","spatial",0.291623409757,0.67789723490705,0.325451695794291
"awt18","BRT-stump","random",0.29170538797205,0.679191686742659,0.407395575733854
"awt18","MaxEnt-LQP","spatial",0.319733711565388,0.695228506705977,0.465794450977219
"awt18","MaxEnt-LQP","random",0.378650249990991,0.728452770486499,0.50310680451728
"awt19","BRT-stump","spatial",0.251276691700493,0.676205842391305,0.378250398049171
"awt19","BRT-stump","random",0.243877541033394,0.67481884057971,0.396161464285364
"awt19","MaxEnt-LQP","spatial",0.265732203504162,0.699558423913044,0.445007867394258
"awt19","MaxEnt-LQP","random",0.304995374710286,0.729676177536232,0.590926358216631
"awt20","BRT-stump","spatial",-0.028551679462643,0.508581730769232,-0.0302585647251428
"awt20","BRT-stump","random",0.115708996882049,0.598317307692306,0.390789644936623
"awt20","MaxEnt-LQP","spatial",-0.0162086122250283,0.494326923076922,0.062476299340049
"awt20","MaxEnt-LQP","random",0.0364827311732447,0.525913461538462,-0.0189740284421358
"awt21","BRT-stump","spatial",0.424800169245401,0.772256097560977,0.576371721415895
"awt21","BRT-stump","random",0.492566480203121,0.825000000000001,0.770103928032624
"awt21","MaxEnt-LQP","spatial",0.42814424878763,0.795121951219515,0.722485991302673
"awt21","MaxEnt-LQP","random",0.458679039405242,0.808536585365856,0.771510263963271
"awt25","BRT-stump","spatial",0.280488054982856,0.681356837606839,0.379092136260175
"awt25","BRT-stump","random",0.318106577693699,0.681089743589744,0.326877944823775
"awt25","MaxEnt-LQP","spatial",0.234624901755954,0.654380341880343,0.291779875317178
"awt25","MaxEnt-LQP","random",0.302344743799506,0.682158119658121,0.329105302102892
"awt27","BRT-stump","spatial",0.221784397318942,0.678271604938266,0.435056597128828
"awt27","BRT-stump","random",0.334868345709973,0.727654320987649,0.591276308177849
"awt27","MaxEnt-LQP","spatial",0.250238111938103,0.672098765432095,0.482618116022214
"awt27","MaxEnt-LQP","random",0.437230181620321,0.797530864197524,0.661357263207153
"awt31","BRT-stump","spatial",-0.0442672933330542,0.50322580645161,0.00395326408769718
"awt31","BRT-stump","random",0.0630190296270895,0.531249999999998,-0.0887212267293135
"awt31","MaxEnt-LQP","spatial",-0.0649980589474776,0.537701612903226,0.0160651486296468
"awt31","MaxEnt-LQP","random",0.0902028367265915,0.625604838709679,0.0545570499125221
"awt33","BRT-stump","spatial",0.478198693473784,0.834935897435898,0.707993599059961
"awt33","BRT-stump","random",0.506951711714411,0.834401709401711,0.728321869118095
"awt33","MaxEnt-LQP","spatial",0.489056076050401,0.837072649572652,0.780614230851714
"awt33","MaxEnt-LQP","random",0.486648152996553,0.829594017094019,0.770839194049988
"awt35","BRT-stump","spatial",0.237289130420353,0.679038461538461,0.39045812668305
"awt35","BRT-stump","random",0.244343330977448,0.639038461538462,0.232569632932939
"awt35","MaxEnt-LQP","spatial",0.0999506817502093,0.551538461538458,0.13215378122877
"awt35","MaxEnt-LQP","random",0.153725293318081,0.578461538461536,0.117887445898791
"awt36","BRT-stump","spatial",0.0263468175190091,0.510765090349864,-0.0235783032563088
"awt36","BRT-stump","random",-0.0163143523698992,0.500192233756244,-0.0882721421385298
"awt36","MaxEnt-LQP","spatial",-0.069952258818755,0.469434832756636,-0.0270271208803858
"awt36","MaxEnt-LQP","random",0.0087040523291232,0.501730103806232,0.067961152857511
"awt37","BRT-stump","spatial",0.44311572520646,0.818342151675484,0.753630475418348
"awt37","BRT-stump","random",0.44913214344801,0.817754262198706,0.67460410870098
"awt37","MaxEnt-LQP","spatial",0.462384845072814,0.812463256907702,0.616677550870856
"awt37","MaxEnt-LQP","random",0.441410680910358,0.793062904174016,0.515838020112817
"awt38","BRT-stump","spatial",0.319358352779461,0.735101744186055,0.557996582346402
"awt38","BRT-stump","random",0.33595928605766,0.763808139534884,0.608494072656105
"awt38","MaxEnt-LQP","spatial",0.318829772350494,0.735465116279067,0.604036724894703
"awt38","MaxEnt-LQP","random",0.429867791096433,0.813226744186048,0.749609775660029
"awt39","BRT-stump","spatial",0.511751162175246,0.854241071428562,0.807375250712392
"awt39","BRT-stump","random",0.334037560661771,0.72678571428571,0.606804089598306
"awt39","MaxEnt-LQP","spatial",0.344462206220176,0.682366071428568,0.495009365410794
"awt39","MaxEnt-LQP","random",0.215512318196169,0.614285714285709,0.182018795281977
"can01","BRT-stump","spatial",0.249836352291798,0.938558950773556,0.93291139570198
"can01","BRT-stump","random",0.252334565594079,0.945058709749746,0.967931131303966
"can01","MaxEnt-LQP","spatial",0.273758156602764,0.942142019081766,0.850750912063779
"can01","MaxEnt-LQP","random",0.280202422923894,0.943076403015961,0.902866570919472
"can02","BRT-stump","spatial",0.28739029087137,0.711767073117115,0.488319997736732
"can02","BRT-stump","random",0.291401220685095,0.715304721168961,0.507698578980543
"can02","MaxEnt-LQP","spatial",0.270776687586199,0.705376177566904,0.48486560294798
"can02","MaxEnt-LQP","random",0.279349054313292,0.709137683527866,0.490241483565227
"can03","BRT-stump","spatial",0.114133744721371,0.653314003892005,0.417755364587285
"can03","BRT-stump","random",0.115391009142555,0.650623938118411,0.301283929132588
"can03","MaxEnt-LQP","spatial",0.113426252222151,0.650475926034574,0.398293086218456
"can03","MaxEnt-LQP","random",0.117316274423125,0.656120284281674,0.420382898519939
"can04","BRT-stump","spatial",0.14226844050723,0.669061943160947,0.2492669456187
"can04","BRT-stump","random",0.148276006885228,0.672252166553962,0.563664067416168
"can04","MaxEnt-LQP","spatial",0.164794794326419,0.693651223113959,0.615795442458117
"can04","MaxEnt-LQP","random",0.168643572329811,0.704588172659941,0.621797737423636
"can05","BRT-stump","spatial",0.0848128364340198,0.603611423305636,0.319274482136925
"can05","BRT-stump","random",0.093644747440286,0.616300430182524,0.4326362168403
"can05","MaxEnt-LQP","spatial",0.106954290025389,0.631426664427458,0.362540294655098
"can05","MaxEnt-LQP","random",0.118351536435502,0.640286659173979,0.547309980605575
"can06","BRT-stump","spatial",0.104959117318863,0.879582145261447,0.185823376462695
"can06","BRT-stump","random",0.105336646773377,0.868282574396914,-0.157033907065055
"can06","MaxEnt-LQP","spatial",0.103424490509927,0.878414434131217,0.973514329019275
"can06","MaxEnt-LQP","random",0.109529544912985,0.887721683167548,0.537349961750114
"can07","BRT-stump","spatial",0.0895982427514045,0.669758992030313,0.302384698758671
"can07","BRT-stump","random",0.0972288084090753,0.678706203042536,0.487256765157777
"can07","MaxEnt-LQP","spatial",0.0892616360884619,0.668772122311996,0.619339888517162
"can07","MaxEnt-LQP","random",0.0913615138832591,0.671648998345209,0.569646727198927
"can08","BRT-stump","spatial",0.0678712022133897,0.541028543338711,0.0984239625983458
"can08","BRT-stump","random",0.0755955987646648,0.54596934579079,0.116889750619997
"can08","MaxEnt-LQP","spatial",0.0882099411077282,0.555754274753725,0.119961607917587
"can08","MaxEnt-LQP","random",0.0976479268572524,0.565585164146686,0.183038590070893
"can09","BRT-stump","spatial",0.082987527741177,0.73754760477309,0.5584088841681
"can09","BRT-stump","random",0.0866892739166096,0.745288702936005,0.714450853442821
"can09","MaxEnt-LQP","spatial",0.0896611457508828,0.729012596955344,0.901594039977602
"can09","MaxEnt-LQP","random",0.0875905158358012,0.716472273413205,0.871215794451489
"can10","BRT-stump","spatial",0.198786566602378,0.714236358660783,0.584689971495313
"can10","BRT-stump","random",0.191296212830681,0.714668745484082,0.488134589451481
"can10","MaxEnt-LQP","spatial",0.173074198264174,0.676178096561764,0.327252383334509
"can10","MaxEnt-LQP","random",0.171109796036377,0.667144932702461,0.278096741285595
"can11","BRT-stump","spatial",0.145404541543898,0.591900076781032,0.209678296798004
"can11","BRT-stump","random",0.136502162109335,0.587353387178758,0.206363105532432
"can11","MaxEnt-LQP","spatial",0.150927509407992,0.593172170276926,0.218073111314573
"can11","MaxEnt-LQP","random",0.143004740599281,0.589351053518287,0.208898285186103
"can12","BRT-stump","spatial",0.409939420825894,0.844081493866776,0.81319899416443
"can12","BRT-stump","random",0.421110704556916,0.847584701083304,0.811673020199797
"can12","MaxEnt-LQP","spatial",0.437432238591495,0.841536196398493,0.818149199918538
"can12","MaxEnt-LQP","random",0.441444032638618,0.844512889961465,0.821800304974913
"can13","BRT-stump","spatial",0.0527433275612815,0.590170471195118,0.498606253486106
"can13","BRT-stump","random",0.0731026479750379,0.594022838970806,0.580900396773854
"can13","MaxEnt-LQP","spatial",0.105711658883296,0.627217177706593,0.673487467295562
"can13","MaxEnt-LQP","random",0.113285811587341,0.634460138493103,0.711170038252974
"can14","BRT-stump","spatial",0.200445968181283,0.866437442664598,0.882550815951168
"can14","BRT-stump","random",0.212388932444209,0.897932926398919,0.917047063999601
"can14","MaxEnt-LQP","spatial",0.233732736476277,0.890902812080927,0.877027877744469
"can14","MaxEnt-LQP","random",0.222125221698578,0.891063880460029,0.919893812978219
"can15","BRT-stump","spatial",0.149668734936903,0.618372002468033,0.28492524882048
"can15","BRT-stump","random",0.088833830499321,0.557764586640858,0.168646603217404
"can15","MaxEnt-LQP","spatial",0.184396519133708,0.637443542395277,0.350301834738037
"can15","MaxEnt-LQP","random",0.136242253287702,0.598160673869385,0.255658728445888
"can16","BRT-stump","spatial",0.176721611934597,0.833768298043263,0.925479027328777
"can16","BRT-stump","random",0.18041538368228,0.830344560425254,0.766529444068653
"can16","MaxEnt-LQP","spatial",0.193332348944883,0.83207768537794,0.821507570127399
"can16","MaxEnt-LQP","random",0.199175444483177,0.839129730185635,0.785201882936689
"can17","BRT-stump","spatial",0.338702600514178,0.776574685390719,0.645714650199946
"can17","BRT-stump","random",0.383243428221776,0.799719977628154,0.688182168524405
"can17","MaxEnt-LQP","spatial",0.340569116439025,0.767728268785125,0.626835724388569
"can17","MaxEnt-LQP","random",0.365206826092905,0.776816565027387,0.643503405502443
"can18","BRT-stump","spatial",0.272705058474307,0.787180206089422,0.775907627895331
"can18","BRT-stump","random",0.268431371668615,0.774420878262284,0.689684608378381
"can18","MaxEnt-LQP","spatial",0.274513744140315,0.793411228420523,0.792299278315075
"can18","MaxEnt-LQP","random",0.272692928836018,0.794760548252729,0.790846528046369
"can19","BRT-stump","spatial",0.0111109744003401,0.580824224926092,-3.09459206279858
"can19","BRT-stump","random",0.0085172318055722,0.583250269242202,-18.1296457976086
"can19","MaxEnt-LQP","spatial",0.00919920840489422,0.574363843633245,-9.8081429161322
"can19","MaxEnt-LQP","random",0.00829532068810353,0.562475653628452,-13.0097149267077
"can20","BRT-stump","spatial",0.233698717814747,0.786136122007616,0.64454573292651
"can20","BRT-stump","random",0.23118924122992,0.782667526522297,0.546770053429373
"can20","MaxEnt-LQP","spatial",0.226492267403249,0.765598445906755,0.508399982391096
"can20","MaxEnt-LQP","random",0.225690916873467,0.765834928028694,0.491994766297003
"nsw01","BRT-stump","spatial",0.469179489165949,0.827287037037036,0.699690869358499
"nsw01","BRT-stump","random",0.475719204202622,0.828935185185182,0.659425379422141
"nsw01","MaxEnt-LQP","spatial",0.437651309535503,0.795314814814816,0.735756522177182
"nsw01","MaxEnt-LQP","random",0.423724429594339,0.792425925925917,0.693952361049009
"nsw03","BRT-stump","spatial",0.0797039897681589,0.62190996617226,0.440871901310084
"nsw03","BRT-stump","random",0.130400785207536,0.74342961228207,0.0868535076832856
"nsw03","MaxEnt-LQP","spatial",0.110610662165901,0.646456761210858,0.704019510591835
"nsw03","MaxEnt-LQP","random",0.126271669913405,0.691126723913606,0.497562298355788
"nsw05","BRT-stump","spatial",0.0739059399731234,0.57558962264151,0.263953181252704
"nsw05","BRT-stump","random",0.0547341335220327,0.564551886792451,0.583422589222535
"nsw05","MaxEnt-LQP","spatial",0.0986672162884682,0.61247641509434,0.510227485025533
"nsw05","MaxEnt-LQP","random",0.0743276882437262,0.582924528301888,0.330785235166879
"nsw07","BRT-stump","spatial",0.268022364175045,0.797182855167649,0.707481596702357
"nsw07","BRT-stump","random",0.277936769113502,0.789707915658485,0.764228830618753
"nsw07","MaxEnt-LQP","spatial",0.277376883690419,0.789621500172828,0.821404476354136
"nsw07","MaxEnt-LQP","random",0.278841631688514,0.789923954372626,0.816411582094315
"nsw08","BRT-stump","spatial",0.246346571801801,0.854802052785925,0.719504374294115
"nsw08","BRT-stump","random",0.266802903845055,0.877895894428153,0.823247449737357
"nsw08","MaxEnt-LQP","spatial",0.273385167974378,0.878225806451614,0.920830530853304
"nsw08","MaxEnt-LQP","random",0.301753383651125,0.89200879765396,0.972860766298358
"nsw09","BRT-stump","spatial",0.123428671054336,0.61042077922078,0.255385204347201
"nsw09","BRT-stump","random",0.141378183909044,0.622628571428571,0.280808817745538
"nsw09","MaxEnt-LQP","spatial",0.120069716331238,0.613963636363636,0.356994626712304
"nsw09","MaxEnt-LQP","random",0.129527799966912,0.617350649350651,0.293484643540049
"nsw11","BRT-stump","spatial",0.191419674318487,0.799337289049858,0.483040556463356
"nsw11","BRT-stump","random",0.179885393495644,0.78169068351699,0.755701078237914
"nsw11","MaxEnt-LQP","spatial",0.115150522471712,0.71449487554905,-0.165042170252021
"nsw11","MaxEnt-LQP","random",0.198883873600631,0.829775757108731,0.621404668698149
"nsw12","BRT-stump","spatial",0.121595735577373,0.677805212620026,0.547137198927835
"nsw12","BRT-stump","random",0.137514197452471,0.698381344307265,0.86174647143711
"nsw12","MaxEnt-LQP","spatial",0.102994582422218,0.666611796982169,0.313475245262006
"nsw12","MaxEnt-LQP","random",0.146666052368495,0.708587105624137,0.773158445483898
"nsw13","BRT-stump","spatial",0.127814025054859,0.681536189069425,0.744572348073813
"nsw13","BRT-stump","random",0.195294647234783,0.780679468242244,0.843604272510556
"nsw13","MaxEnt-LQP","spatial",0.0722506290590598,0.640472673559823,0.537491549296902
"nsw13","MaxEnt-LQP","random",0.145750541811432,0.713973412112261,0.723522607673648
"nsw14","BRT-stump","spatial",0.463143954640853,0.813234061606639,0.644735348939421
"nsw14","BRT-stump","random",0.447536646661105,0.805932193660232,0.620270260831689
"nsw14","MaxEnt-LQP","spatial",0.446729988717602,0.803951734193636,0.645587946079789
"nsw14","MaxEnt-LQP","random",0.440729692882924,0.797556859278307,0.605659371185545
"nsw15","BRT-stump","spatial",0.410388856786104,0.80809357316371,0.751070990313615
"nsw15","BRT-stump","random",0.441878421982473,0.834688346883468,0.780152679395203
"nsw15","MaxEnt-LQP","spatial",0.411076852118881,0.798124043416603,0.758351082489276
"nsw15","MaxEnt-LQP","random",0.452483126983323,0.829689540418719,0.759754155413901
"nsw16","BRT-stump","spatial",0.200391242784287,0.677312124495224,0.475602808826084
"nsw16","BRT-stump","random",0.186374418225927,0.663280381590241,0.393937881533627
"nsw16","MaxEnt-LQP","spatial",0.176635020505585,0.658925581460793,0.35527064899187
"nsw16","MaxEnt-LQP","random",0.18679066641447,0.668838204049471,0.352672455085445
"nsw17","BRT-stump","spatial",0.0883582967570444,0.555306331709818,0.121813979042735
"nsw17","BRT-stump","random",0.129354791963566,0.634025463556353,0.347219363490907
"nsw17","MaxEnt-LQP","spatial",0.0368558825416637,0.530177447378165,-0.400585224117792
"nsw17","MaxEnt-LQP","random",0.0957186645136329,0.582158420917714,-0.0756357546852978
"nsw18","BRT-stump","spatial",0.144742055678483,0.582791214901306,0.257258055770697
"nsw18","BRT-stump","random",0.178254552424588,0.621234361968306,0.380297370725414
"nsw18","MaxEnt-LQP","spatial",0.135010975454293,0.605276619405059,0.31200820050129
"nsw18","MaxEnt-LQP","random",0.155157553222432,0.616922435362801,0.328857350188033
"nsw23","BRT-stump","spatial",0.382345933137217,0.736192528735634,0.587803879613958
"nsw23","BRT-stump","random",0.410764277189179,0.789054989550676,0.621055737493967
"nsw23","MaxEnt-LQP","spatial",0.370347797779488,0.753336598746082,0.615784661253889
"nsw23","MaxEnt-LQP","random",0.385226956664794,0.779350835945663,0.618789868131781
"nsw24","BRT-stump","spatial",0.201706072908363,0.692206217092403,0.261445944819066
"nsw24","BRT-stump","random",0.210917861372626,0.703716690042066,0.411109181224323
"nsw24","MaxEnt-LQP","spatial",0.122861321561994,0.635562044466923,0.197535903916716
"nsw24","MaxEnt-LQP","random",0.135335809129298,0.649104453590231,0.135034423454522
"nsw25","BRT-stump","spatial",0.144967969554413,0.670427738846873,0.419461484412044
"nsw25","BRT-stump","random",0.148970002790811,0.716456786697193,0.514615383939097
"nsw25","MaxEnt-LQP","spatial",0.156209065484658,0.728743148546457,0.478086558607149
"nsw25","MaxEnt-LQP","random",0.163007074136595,0.740830037697452,0.425991656793764
"nsw27","BRT-stump","spatial",-0.0104678883776901,0.499921972534332,-0.00468642646488063
"nsw27","BRT-stump","random",0.0224698871385656,0.514113868081564,0.0285215194543166
"nsw27","MaxEnt-LQP","spatial",0.0563410446978633,0.52954900124844,0.0750159334238101
"nsw27","MaxEnt-LQP","random",0.0784054546343419,0.547215719933417,0.121710888007109
"nsw28","BRT-stump","spatial",0.319010470159902,0.738647614099748,0.542371030740658
"nsw28","BRT-stump","random",0.404771034231848,0.760106257841908,0.586093021851468
"nsw28","MaxEnt-LQP","spatial",0.386842835997401,0.735127332967376,0.548468719258374
"nsw28","MaxEnt-LQP","random",0.480602889246673,0.785347396486826,0.650351460187518
"nsw31","BRT-stump","spatial",0.110064208589044,0.552976646248085,0.0691478958576488
"nsw31","BRT-stump","random",0.0931888873957074,0.544783924102641,0.0418407352408807
"nsw31","MaxEnt-LQP","spatial",0.125455087763656,0.557403914391364,0.0610908282903846
"nsw31","MaxEnt-LQP","random",0.0999263709470125,0.548390636088597,0.0579204613347516
"nsw32","BRT-stump","spatial",0.0162581514602675,0.553312848767394,-0.372456340506988
"nsw32","BRT-stump","random",0.0960996565165496,0.720420993148266,0.203429565486193
"nsw32","MaxEnt-LQP","spatial",0.0113527044299005,0.523310023310023,-0.450838040979315
"nsw32","MaxEnt-LQP","random",0.0530060144893605,0.624885215794306,-1.1154673617686
"nsw33","BRT-stump","spatial",0.0114334810090696,0.508287049281496,0.0284572560324454
"nsw33","BRT-stump","random",0.0556953174027876,0.490148108965882,-0.0318601542862223
"nsw33","MaxEnt-LQP","spatial",0.0412499002146778,0.509801688755669,0.0162329454092678
"nsw33","MaxEnt-LQP","random",-0.00223521030468641,0.488640816166603,-0.00315728050889956
"nsw39","BRT-stump","spatial",0.0355035371703214,0.507335694425028,-0.00163243501797223
"nsw39","BRT-stump","random",0.113776670802608,0.569312409711543,0.151705215428308
"nsw39","MaxEnt-LQP","spatial",0.0452932222179875,0.523663342498097,0.0728977616566333
"nsw39","MaxEnt-LQP","random",0.0881913531005818,0.551907125215527,0.139644675839168
"nsw40","BRT-stump","spatial",0.222973167183287,0.623151047345532,0.270308377757727
"nsw40","BRT-stump","random",0.242666086329367,0.631046769501692,0.282185547000915
"nsw40","MaxEnt-LQP","spatial",0.179059073747085,0.607692877392067,0.263533795401832
"nsw40","MaxEnt-LQP","random",0.161698276041464,0.592821023440297,0.199719604271298
"nsw43","BRT-stump","spatial",0.302624803825535,0.712258163647053,0.511361658752401
"nsw43","BRT-stump","random",0.310206111964183,0.712658997381218,0.537206712821195
"nsw43","MaxEnt-LQP","spatial",0.204220868674167,0.645008283897173,0.356287216813547
"nsw43","MaxEnt-LQP","random",0.217579252120776,0.656592378814602,0.403226933609565
"nsw45","BRT-stump","spatial",0.3489253931923,0.81581890637042,0.789168947865199
"nsw45","BRT-stump","random",0.364370794550385,0.811659993608901,0.80578292559183
"nsw45","MaxEnt-LQP","spatial",0.400620949640437,0.829949811086674,0.882864598718773
"nsw45","MaxEnt-LQP","random",0.264991492370831,0.724167747514051,0.712437108335895
"nsw49","BRT-stump","spatial",0.368127004220702,0.784006037054538,0.653329527876985
"nsw49","BRT-stump","random",0.433249466216717,0.833191105218244,0.805828394807932
"nsw49","MaxEnt-LQP","spatial",0.238738644259252,0.688210112066352,0.441800020199363
"nsw49","MaxEnt-LQP","random",0.311495257661057,0.744729919388395,0.549205532864092
"nsw52","BRT-stump","spatial",0.32337904636385,0.757338509651677,0.737644757298424
"nsw52","BRT-stump","random",0.347868711852165,0.77236421151012,0.699450729055307
"nsw52","MaxEnt-LQP","spatial",0.341133468608309,0.766907509256263,0.630115859979778
"nsw52","MaxEnt-LQP","random",0.3521247568958,0.775649735792085,0.674676952906985
"nsw53","BRT-stump","spatial",0.120417665672681,0.684977536149809,0.497094665763276
"nsw53","BRT-stump","random",0.121703386188336,0.708045456261562,0.383990693058504
"nsw53","MaxEnt-LQP","spatial",0.119556253821368,0.7028731075622,0.507779701727416
"nsw53","MaxEnt-LQP","random",0.125503585860724,0.714878997243931,0.530605745251681
"nsw54","BRT-stump","spatial",0.0382846760283118,0.585195206803247,-0.218115965669838
"nsw54","BRT-stump","random",0.042605699272505,0.609161190568226,0.162508155752403
"nsw54","MaxEnt-LQP","spatial",0.0557389045698788,0.628295322767686,0.413112033430303
"nsw54","MaxEnt-LQP","random",0.0510508683135025,0.620641669887901,0.493645501827901
"nz01","BRT-stump","spatial",0.15047445854414,0.954543864169129,0.760878825829495
"nz01","BRT-stump","random",0.123727085215186,0.917766411888312,-0.176455155140569
"nz01","MaxEnt-LQP","spatial",-0.00975174185184786,0.542356492393225,0.38503904361926
"nz01","MaxEnt-LQP","random",0.0201009575223462,0.704306102910047,-0.895920639795241
"nz02","BRT-stump","spatial",0.421803889892633,0.802114758940864,0.668512579778352
"nz02","BRT-stump","random",0.468888335236955,0.820539866264814,0.72406846369102
"nz02","MaxEnt-LQP","spatial",0.440500843701568,0.802103939461069,0.70051978458483
"nz02","MaxEnt-LQP","random",0.448926665117197,0.793705535978738,0.686325738562051
"nz03","BRT-stump","spatial",0.0890156031194379,0.714321550891212,0.80988648349948
"nz03","BRT-stump","random",0.0823197428136803,0.701449871049164,0.864624683145907
"nz03","MaxEnt-LQP","spatial",0.0768239530616085,0.64851506027254,0.764846963653973
"nz03","MaxEnt-LQP","random",0.0550445693406809,0.623901406915897,0.631549722239003
"nz04","BRT-stump","spatial",0.433874623536373,0.889325806000936,0.855288865701176
"nz04","BRT-stump","random",0.440119726956792,0.89645171578408,0.828072445452305
"nz04","MaxEnt-LQP","spatial",0.340926557023049,0.819454578757123,0.742827440876059
"nz04","MaxEnt-LQP","random",0.383151095237292,0.860380390913208,0.803118721958895
"nz05","BRT-stump","spatial",0.25211424789021,0.69625360799483,0.526496955397216
"nz05","BRT-stump","random",0.253517671325218,0.699493266228355,0.554877003777175
"nz05","MaxEnt-LQP","spatial",0.24253327978168,0.689886036105889,0.511721636277751
"nz05","MaxEnt-LQP","random",0.269423130016263,0.711814247354857,0.543458652560557
"nz06","BRT-stump","spatial",0.129138918306928,0.631418569262431,0.524029382696947
"nz06","BRT-stump","random",0.164430492809745,0.667706263756515,0.565440772801176
"nz06","MaxEnt-LQP","spatial",0.0878257932264617,0.626298958077553,0.488505315184362
"nz06","MaxEnt-LQP","random",0.138494672375272,0.666893833097867,0.623682885837797
"nz07","BRT-stump","spatial",0.0230440125279434,0.698944558429296,-9.44585220438442
"nz07","BRT-stump","random",0.0441675047022382,0.777886770600873,-16.1043104164599
"nz07","MaxEnt-LQP","spatial",0.0279998278499792,0.704423943809617,-6.8157787479327
"nz07","MaxEnt-LQP","random",0.0395888131180187,0.759794377967137,-4.07317513394903
"nz08","BRT-stump","spatial",0.282640715788024,0.800218773586227,0.723055362293525
"nz08","BRT-stump","random",0.291766660302971,0.812513153174008,0.791898144200012
"nz08","MaxEnt-LQP","spatial",0.286949386190633,0.779258243984667,0.740854380251323
"nz08","MaxEnt-LQP","random",0.31441228492536,0.80210529707526,0.801624414818387
"nz09","BRT-stump","spatial",0.0698432647563783,0.669333773177504,0.873575938051849
"nz09","BRT-stump","random",0.0793717886892075,0.706536241594956,0.83509958797893
"nz09","MaxEnt-LQP","spatial",0.0753655688500506,0.725527176298252,0.738565806287955
"nz09","MaxEnt-LQP","random",0.0883763736239443,0.749643177614816,0.808874484982865
"nz10","BRT-stump","spatial",0.167958751688233,0.751311257367056,0.402327740201223
"nz10","BRT-stump","random",0.197729701589002,0.769528209845726,0.873889233835151
"nz10","MaxEnt-LQP","spatial",0.206162556401668,0.764581624418362,0.458466134291877
"nz10","MaxEnt-LQP","random",0.169620036286603,0.71926910298999,0.538404895882079
"nz11","BRT-stump","spatial",0.239752107634214,0.796332859210674,0.812912301927808
"nz11","BRT-stump","random",0.233146754299784,0.804562378628654,0.834345222311058
"nz11","MaxEnt-LQP","spatial",0.238403534283937,0.83149668631814,0.84160659510232
"nz11","MaxEnt-LQP","random",0.243654800668011,0.840391277112542,0.748058117371532
"nz12","BRT-stump","spatial",0.0815275744181464,0.568005902975519,0.239579045822405
"nz12","BRT-stump","random",0.056136990419073,0.537614665690057,0.123696554033815
"nz12","MaxEnt-LQP","spatial",-0.0226642727301882,0.483846833392625,-0.0482496659060757
"nz12","MaxEnt-LQP","random",-0.0686131712169009,0.44469096244881,-0.253227354060475
"nz13","BRT-stump","spatial",0.0780690389339249,0.56738605375492,0.239545875518582
"nz13","BRT-stump","random",0.139148359229333,0.613920393776345,0.400952331033613
"nz13","MaxEnt-LQP","spatial",0.185326525615009,0.658030751261839,0.262926958317938
"nz13","MaxEnt-LQP","random",0.215895439344468,0.679092356679067,0.317124291418455
"nz14","BRT-stump","spatial",-0.103651860033955,0.441671826592832,-0.160064429843366
"nz14","BRT-stump","random",-0.108458057933906,0.429365775694415,-0.189869121855003
"nz14","MaxEnt-LQP","spatial",-0.152032612548677,0.404734473982746,-0.285775000403181
"nz14","MaxEnt-LQP","random",-0.108083934780508,0.426216959086669,-0.217522084983715
"nz17","BRT-stump","spatial",0.432791388288373,0.786903098430779,0.61287643385463
"nz17","BRT-stump","random",0.433564229057684,0.78372539663465,0.575373652370582
"nz17","MaxEnt-LQP","spatial",0.340438518088785,0.718404712112445,0.550984555096583
"nz17","MaxEnt-LQP","random",0.314920455236496,0.700688837121771,0.481876716650494
"nz18","BRT-stump","spatial",0.426575420235609,0.909653359463201,0.964306456005334
"nz18","BRT-stump","random",0.442878994801142,0.95156151552478,0.948481669600838
"nz18","MaxEnt-LQP","spatial",0.455259322925823,0.951047665707687,0.96375625281876
"nz18","MaxEnt-LQP","random",0.461624673658596,0.963091211766794,0.965575137140119
"nz19","BRT-stump","spatial",0.110518933714136,0.66290768286025,0.54029049370772
"nz19","BRT-stump","random",0.1183993574133,0.674841771288202,0.510239564723309
"nz19","MaxEnt-LQP","spatial",0.111949559386701,0.661355008187817,0.546783303019526
"nz19","MaxEnt-LQP","random",0.138132841914153,0.695032409934479,0.620195475901384
"nz20","BRT-stump","spatial",0.325252079148016,0.928877538019459,0.883324794314686
"nz20","BRT-stump","random",0.338196398527652,0.934062514794296,0.886374330973045
"nz20","MaxEnt-LQP","spatial",0.3564471877027,0.943796329375839,0.933698555399798
"nz20","MaxEnt-LQP","random",0.374925335136676,0.952670900920942,0.955872896533319
"nz21","BRT-stump","spatial",0.146978425880268,0.694206968178739,0.657067080193113
"nz21","BRT-stump","random",0.19111023729205,0.747072853961243,0.69516662470425
"nz21","MaxEnt-LQP","spatial",0.055028660129955,0.573530436107006,0.33584574057841
"nz21","MaxEnt-LQP","random",0.113959065196735,0.648846308491285,0.655190491034563
"nz22","BRT-stump","spatial",0.171922713094346,0.768746950045275,0.779855562660041
"nz22","BRT-stump","random",0.171184308989554,0.768245924725014,0.798578524501641
"nz22","MaxEnt-LQP","spatial",0.153555754879623,0.736440876767876,0.712313819709601
"nz22","MaxEnt-LQP","random",0.145281612036168,0.730738795203578,0.683328577193423
"nz23","BRT-stump","spatial",-0.0416299818082017,0.483930829587658,-0.272162600975125
"nz23","BRT-stump","random",-0.130554152607632,0.407505620590921,-0.518861944884245
"nz23","MaxEnt-LQP","spatial",-0.0660311247181415,0.468046422395168,-0.286099396390561
"nz23","MaxEnt-LQP","random",-0.0554264250669048,0.469441734354574,-0.245652427807461
"nz24","BRT-stump","spatial",0.0772042253648981,0.769642357467659,0.91959910818769
"nz24","BRT-stump","random",0.0748258572419455,0.7074873207416,0.752589585991587
"nz24","MaxEnt-LQP","spatial",0.104068481106905,0.792399877579581,0.90476407187507
"nz24","MaxEnt-LQP","random",0.0826571747642585,0.782099073102505,0.799743560461992
"nz25","BRT-stump","spatial",0.210570332029017,0.85244747331092,0.712165201622516
"nz25","BRT-stump","random",0.232636371153095,0.900945265817485,0.769867868885518
"nz25","MaxEnt-LQP","spatial",0.284209513578246,0.902684127285758,0.935042688951671
"nz25","MaxEnt-LQP","random",0.267968972041062,0.8922833384868,0.888915112369996
"nz26","BRT-stump","spatial",0.0681843495675019,0.656389438520847,0.732580228385217
"nz26","BRT-stump","random",0.142989213555638,0.658977493126213,0.93192671089233
"nz26","MaxEnt-LQP","spatial",0.235562527519105,0.845474303480521,0.933675387747376
"nz26","MaxEnt-LQP","random",0.234204673465022,0.877473789007182,0.925840327907977
"nz27","BRT-stump","spatial",0.0795078261522892,0.587032396923522,0.486173344226939
"nz27","BRT-stump","random",0.0264126561845322,0.506031022818686,0.474178950250474
"nz27","MaxEnt-LQP","spatial",0.0711655034674127,0.600038069411948,0.283412634368821
"nz27","MaxEnt-LQP","random",0.0821457406581889,0.599801287641599,0.426606220104513
"nz28","BRT-stump","spatial",0.00933078568763568,0.560556751176715,-1.10296455694906
"nz28","BRT-stump","random",0.0253315013143639,0.606753116539209,0.909400991370348
"nz28","MaxEnt-LQP","spatial",0.035293196841976,0.692788008389478,0.714201744514119
"nz28","MaxEnt-LQP","random",0.0359054483443622,0.642748412156864,0.859423536803685
"nz29","BRT-stump","spatial",0.116691204642394,0.572115846723987,0.0909477463245222
"nz29","BRT-stump","random",0.0947178035474479,0.558481792967166,0.036627948650011
"nz29","MaxEnt-LQP","spatial",0.0818401313877585,0.560949228191769,0.169057283415948
"nz29","MaxEnt-LQP","random",0.0625358792418876,0.543455541469685,0.0881429843972216
"nz30","BRT-stump","spatial",0.532700730740832,0.802745604055615,0.623479558080623
"nz30","BRT-stump","random",0.549456387278878,0.809403664616747,0.63007847916393
"nz30","MaxEnt-LQP","spatial",0.475023396497547,0.786656705931788,0.621949721264062
"nz30","MaxEnt-LQP","random",0.457136903327956,0.78059513573272,0.616296221534644
"nz32","BRT-stump","spatial",0.0115814955741124,0.505123213540069,-0.484411471937729
"nz32","BRT-stump","random",0.0805602283156928,0.593257901122468,0.0391396045663518
"nz32","MaxEnt-LQP","spatial",0.111076138470378,0.654882592909289,0.0281794470966419
"nz32","MaxEnt-LQP","random",0.172180778571533,0.713457806608826,0.420751584044482
"nz33","BRT-stump","spatial",0.13121812531919,0.664757642015746,0.552807004314556
"nz33","BRT-stump","random",0.178518441591116,0.745405686153061,0.644561512454819
"nz33","MaxEnt-LQP","spatial",0.209579135988803,0.810093886240758,0.562060831830376
"nz33","MaxEnt-LQP","random",0.23828790432498,0.827059367542233,0.701462548612385
"nz34","BRT-stump","spatial",0.0411263129521497,0.579139598449342,0.4393646533807
"nz34","BRT-stump","random",0.0448634344841637,0.581026010879313,0.458631692106423
"nz34","MaxEnt-LQP","spatial",0.0457925094051882,0.581550951926675,0.244198585722551
"nz34","MaxEnt-LQP","random",0.0552338939068279,0.596190711384802,0.385118711485558
"nz35","BRT-stump","spatial",0.384313378607901,0.719198947962581,0.462747167802708
"nz35","BRT-stump","random",0.444627910312429,0.771202846440523,0.552535767858642
"nz35","MaxEnt-LQP","spatial",0.358666440046118,0.719462956750787,0.422304814778908
"nz35","MaxEnt-LQP","random",0.398015395087763,0.731350723458897,0.418686202030736
"nz36","BRT-stump","spatial",0.0551463568262727,0.542372726665219,0.117105434277001
"nz36","BRT-stump","random",0.153767997739771,0.580519457617224,0.186073770676078
"nz36","MaxEnt-LQP","spatial",0.0837650305417395,0.541171422351163,0.0793639321217835
"nz36","MaxEnt-LQP","random",0.0667136198781244,0.539208581584171,0.0962086534966854
"nz37","BRT-stump","spatial",0.0475452764340986,0.543584991038599,0.143958648931754
"nz37","BRT-stump","random",0.0447124767925086,0.547465959972913,0.118024526993453
"nz37","MaxEnt-LQP","spatial",-0.0391994022665051,0.463514951641585,-0.187307959322552
"nz37","MaxEnt-LQP","random",-0.0087467499787656,0.48988398280367,-0.0577594752174779
"nz38","BRT-stump","spatial",0.309295727466034,0.832175702167416,0.831664720013528
"nz38","BRT-stump","random",0.313893733427273,0.844436178427517,0.897144646752283
"nz38","MaxEnt-LQP","spatial",0.29643495212245,0.810523500475017,0.810925120112502
"nz38","MaxEnt-LQP","random",0.292785706887094,0.811677903270413,0.752308074283835
"nz39","BRT-stump","spatial",0.0222020971419685,0.621493131133169,-0.352260439919094
"nz39","BRT-stump","random",0.0159775176981984,0.579600426118994,-0.672331802090075
"nz39","MaxEnt-LQP","spatial",0.0389759724631701,0.652344686451638,-6.81233210778861
"nz39","MaxEnt-LQP","random",0.0324810642596051,0.632925630803706,-6.53534736540546
"nz40","BRT-stump","spatial",0.0363205501928817,0.548123276350979,0.245128265513315
"nz40","BRT-stump","random",0.00165212106148245,0.508860946164726,0.0378705367038449
"nz40","MaxEnt-LQP","spatial",0.0469214690337897,0.628429161739092,-0.0100130675275436
"nz40","MaxEnt-LQP","random",0.0165346181496593,0.575251236400937,-0.214440001244441
"nz41","BRT-stump","spatial",0.158838507248622,0.965321016771489,0.92444219172662
"nz41","BRT-stump","random",0.189150377014975,0.982478380503137,0.974773354210628
"nz41","MaxEnt-LQP","spatial",0.220676811973007,0.985828747379455,0.999590887852057
"nz41","MaxEnt-LQP","random",0.247000875801364,0.991865828092243,0.999688874932294
"nz42","BRT-stump","spatial",-0.0710560479496511,0.43736281432293,-0.194941578821879
"nz42","BRT-stump","random",-0.117242494411425,0.429457050386716,-0.197797245830948
"nz42","MaxEnt-LQP","spatial",-0.172176741100496,0.392776745137652,-0.28049541022176
"nz42","MaxEnt-LQP","random",-0.05546425539291,0.468333099740796,-0.0423863900592843
"nz43","BRT-stump","spatial",0.0272652508637862,0.638135562023194,0.907488690499566
"nz43","BRT-stump","random",0.0328080311270738,0.684027549248069,-0.0879426613334998
"nz43","MaxEnt-LQP","spatial",0.040619622174417,0.72366082832922,-0.17941405246529
"nz43","MaxEnt-LQP","random",0.039865241341227,0.714443164058404,-0.87389464426234
"nz44","BRT-stump","spatial",0.38408264264743,0.805573773010508,0.682103703610031
"nz44","BRT-stump","random",0.391093645516008,0.809975878333693,0.676287829442025
"nz44","MaxEnt-LQP","spatial",0.411159019300375,0.827511396883706,0.72241244524324
"nz44","MaxEnt-LQP","random",0.402064373475839,0.824065762817459,0.649507246985498
"nz45","BRT-stump","spatial",0.289155113488347,0.805627009106991,0.970560284745731
"nz45","BRT-stump","random",0.285172032210425,0.839869898927027,0.94500682778625
"nz45","MaxEnt-LQP","spatial",0.352177139370974,0.910769299211287,0.956978201351724
"nz45","MaxEnt-LQP","random",0.32269827894478,0.89714960793667,0.934757116402193
"nz46","BRT-stump","spatial",0.0794579204124054,0.884488142499477,-1.56029343539679
"nz46","BRT-stump","random",0.0742387254322053,0.897707042146253,0.12844815887397
"nz46","MaxEnt-LQP","spatial",0.0851926281692021,0.877678766934413,0.566298153686211
"nz46","MaxEnt-LQP","random",0.0888586340765278,0.868083521358813,0.13372159899888
"nz47","BRT-stump","spatial",0.33940420258931,0.784814707764491,0.620352027771
"nz47","BRT-stump","random",0.300129685511635,0.766204118484483,0.640037925079597
"nz47","MaxEnt-LQP","spatial",0.34040213989334,0.791157524602809,0.658736166618939
"nz47","MaxEnt-LQP","random",0.311663212244454,0.776659542054154,0.644660195538634
"nz48","BRT-stump","spatial",0.0783015181129141,0.602688106063431,0.693673342085348
"nz48","BRT-stump","random",0.0822129448552169,0.625632837527699,0.723113349458946
"nz48","MaxEnt-LQP","spatial",0.118821207387424,0.657709069071667,0.590264051532714
"nz48","MaxEnt-LQP","random",0.122939130882338,0.659915813551121,0.670692503391856
"nz49","BRT-stump","spatial",0.136013654173217,0.899062279547515,0.843483364648413
"nz49","BRT-stump","random",0.146701419377056,0.91949523558824,0.953866533244293
"nz49","MaxEnt-LQP","spatial",0.165758348816328,0.900159410371102,0.99139694265351
"nz49","MaxEnt-LQP","random",0.202559792868569,0.931337299289272,0.983868878052719
"nz50","BRT-stump","spatial",0.176133662430482,0.755766763267213,0.546927740455205
"nz50","BRT-stump","random",0.179628549042445,0.757643902163696,0.626287274934104
"nz50","MaxEnt-LQP","spatial",0.178747766673918,0.732461744818785,0.69959831641212
"nz50","MaxEnt-LQP","random",0.198924694209714,0.759933669411219,0.724228209465495
"nz51","BRT-stump","spatial",0.153975174346849,0.762993504254693,0.725080337601796
"nz51","BRT-stump","random",0.142584366596489,0.748235693885015,0.639711896187098
"nz51","MaxEnt-LQP","spatial",0.0888858922680758,0.65261808798729,0.377482213607684
"nz51","MaxEnt-LQP","random",0.0714329391490902,0.637005786226041,0.457774387697966
"nz52","BRT-stump","spatial",0.221008198403794,0.903334667821635,0.911332042466822
"nz52","BRT-stump","random",0.230446603663471,0.903784851374397,0.859480946153941
"nz52","MaxEnt-LQP","spatial",0.228628091935761,0.843230917424291,0.891977712427166
"nz52","MaxEnt-LQP","random",0.203304304562425,0.809117806198383,0.887153762330836
"sa01","BRT-stump","spatial",0.0882355623450905,0.564720194647202,0.0772852595185052
"sa01","BRT-stump","random",0.0878086638173307,0.553284671532849,-0.122446054121223
"sa01","MaxEnt-LQP","spatial",0.0462498681291965,0.545498783454988,0.392645432382144
"sa01","MaxEnt-LQP","random",0.0677446238907875,0.549878345498786,0.295182013329877
"sa02","BRT-stump","spatial",0.0414171992345215,0.540276373441185,0.248706336910596
"sa02","BRT-stump","random",0.0505244385073503,0.527805864509607,0.513062773535207
"sa02","MaxEnt-LQP","spatial",0.179741783980673,0.64273677114931,0.426587713853494
"sa02","MaxEnt-LQP","random",0.178547555156067,0.646107178968656,0.457593217858199
"sa09","BRT-stump","spatial",0.395350564530183,0.879929577464792,0.964581253980649
"sa09","BRT-stump","random",0.390511779783432,0.864084507042257,0.961963121226802
"sa09","MaxEnt-LQP","spatial",0.379443512665793,0.825352112676057,0.893483041759762
"sa09","MaxEnt-LQP","random",0.427025159048551,0.858450704225355,0.924377731413195
"sa10","BRT-stump","spatial",0.136144117546355,0.598822539949534,0.356388609820045
"sa10","BRT-stump","random",0.154801829775102,0.620128959910287,0.315106287391943
"sa10","MaxEnt-LQP","spatial",0.16686713872125,0.622932436220909,0.375867425027406
"sa10","MaxEnt-LQP","random",0.156316786824793,0.614522007289037,0.335708285246447
"sa12","BRT-stump","spatial",0.372938164923296,0.84476885644769,0.860772417149779
"sa12","BRT-stump","random",0.380217904311162,0.85596107055961,0.878771545475435
"sa12","MaxEnt-LQP","spatial",0.386259521783188,0.856934306569344,0.849700519509609
"sa12","MaxEnt-LQP","random",0.37709385543915,0.861313868613139,0.797206689251612
"sa15","BRT-stump","spatial",-0.027879751799878,0.470802919708024,-0.363852528785652
"sa15","BRT-stump","random",0.00692254456047063,0.528467153284673,-0.124700471631139
"sa15","MaxEnt-LQP","spatial",0.0365183656923857,0.543065693430653,0.110412062221918
"sa15","MaxEnt-LQP","random",0.0660303471016659,0.574695863746958,0.111649721340178
"sa17","BRT-stump","spatial",0.40323228631071,0.849129593810448,0.656626672951741
"sa17","BRT-stump","random",0.381345950479031,0.840103159252098,0.833380858847897
"sa17","MaxEnt-LQP","spatial",0.394027696524593,0.862024500322374,0.696113824929127
"sa17","MaxEnt-LQP","random",0.387019409397099,0.863958736299163,0.637850592072918
"sa18","BRT-stump","spatial",0.224610358278526,0.69331222793827,0.729852082168584
"sa18","BRT-stump","random",0.250801709653702,0.691927186387021,0.697543570061699
"sa18","MaxEnt-LQP","spatial",0.145773654998357,0.618915710328453,0.669074178706
"sa18","MaxEnt-LQP","random",0.240463152625601,0.694103680253266,0.743213874653244
"sa20","BRT-stump","spatial",0.358548298162924,0.855281690140848,0.925290870718011
"sa20","BRT-stump","random",0.366717336417686,0.88661971830986,0.912551625830448
"sa20","MaxEnt-LQP","spatial",0.262497973070897,0.836619718309864,0.734328400664563
"sa20","MaxEnt-LQP","random",0.277156259659985,0.862676056338028,0.894787467351992
"sa21","BRT-stump","spatial",0.240395922888551,0.737963475373547,0.817744669378859
"sa21","BRT-stump","random",0.255771630506317,0.751245157719975,0.890583344107863
"sa21","MaxEnt-LQP","spatial",0.176062624621361,0.682899833978966,0.552868669804721
"sa21","MaxEnt-LQP","random",0.239903648579699,0.722744881018265,0.828449228569391
"sa22","BRT-stump","spatial",0.370407784559093,0.87685364281109,0.77526213198786
"sa22","BRT-stump","random",0.372336629447601,0.877176015473888,0.739442527701722
"sa22","MaxEnt-LQP","spatial",0.337258843262775,0.8394584139265,0.486366432461699
"sa22","MaxEnt-LQP","random",0.336433461304103,0.84655061250806,0.552743124303177
"sa24","BRT-stump","spatial",0.319157983063914,0.76735732460923,0.766566306393793
"sa24","BRT-stump","random",0.314158793994424,0.76135950563431,0.736589887076328
"sa24","MaxEnt-LQP","spatial",0.336282736718787,0.780079970919666,0.712872031511461
"sa24","MaxEnt-LQP","random",0.330641083266419,0.769174845510723,0.574090770935512
"sa26","BRT-stump","spatial",0.0832230385568365,0.553185185185183,0.0450752907260331
"sa26","BRT-stump","random",0.13371770209977,0.592148148148145,0.10963746907948
"sa26","MaxEnt-LQP","spatial",0.0606101419088828,0.544296296296297,-0.0358053570991998
"sa26","MaxEnt-LQP","random",0.143892862797161,0.59822222222222,0.0277289559473659
"swi01","BRT-stump","spatial",0.119398614310148,0.815159225693461,0.923719733982396
"swi01","BRT-stump","random",0.127856592991243,0.83297482315068,0.871297940285555
"swi01","MaxEnt-LQP","spatial",0.12975955615954,0.813971896575484,0.824828658190601
"swi01","MaxEnt-LQP","random",0.159186675971072,0.849821027943046,0.855306099035006
"swi02","BRT-stump","spatial",0.162141615863636,0.761481933079341,0.782492370371326
"swi02","BRT-stump","random",0.174156287929622,0.776232008207052,0.820484489999284
"swi02","MaxEnt-LQP","spatial",0.167509536262648,0.763315567499258,0.744879767471024
"swi02","MaxEnt-LQP","random",0.184442609333961,0.784087431392032,0.765784777373532
"swi03","BRT-stump","spatial",0.110774467400067,0.763795568467061,0.776176846444678
"swi03","BRT-stump","random",0.0945750277190336,0.727272662415582,0.77869685423523
"swi03","MaxEnt-LQP","spatial",0.0847520816098598,0.710957264201119,0.848359152767306
"swi03","MaxEnt-LQP","random",0.0954917615184673,0.719185236023587,0.876217202369548
"swi04","BRT-stump","spatial",0.173851550682361,0.883681732244034,0.943925544288967
"swi04","BRT-stump","random",0.183791867091646,0.896044287939463,0.985872620558265
"swi04","MaxEnt-LQP","spatial",0.206174388917741,0.887509279029941,0.965383290508985
"swi04","MaxEnt-LQP","random",0.206954430277462,0.891567421389329,0.971312707832991
"swi06","BRT-stump","spatial",0.513904808107651,0.798169666735291,0.509520553739714
"swi06","BRT-stump","random",0.528182879544838,0.808301490211126,0.523731332857682
"swi06","MaxEnt-LQP","spatial",0.53012396085247,0.80026922126059,0.537885147271692
"swi06","MaxEnt-LQP","random",0.550596094419274,0.815358278600768,0.54729620352684
"swi07","BRT-stump","spatial",0.27816778242944,0.90996810823695,0.918542536767192
"swi07","BRT-stump","random",0.278322567849823,0.91382230969608,0.88921110185771
"swi07","MaxEnt-LQP","spatial",0.30193329855784,0.918021330491968,0.924264283592612
"swi07","MaxEnt-LQP","random",0.311937976201526,0.923681520351941,0.930208367554182
"swi08","BRT-stump","spatial",0.29350673651308,0.863644707730043,0.879713819404906
"swi08","BRT-stump","random",0.297595907709103,0.868846445731812,0.894309309336176
"swi08","MaxEnt-LQP","spatial",0.315581722709902,0.864749315844255,0.867206389599443
"swi08","MaxEnt-LQP","random",0.320371523007934,0.868214503046148,0.878607902399434
"swi09","BRT-stump","spatial",0.169078757302516,0.778550752741609,0.84407993556794
"swi09","BRT-stump","random",0.193724960622454,0.815467040495666,0.877018218686723
"swi09","MaxEnt-LQP","spatial",0.179225823127449,0.776107263069335,0.85108689962347
"swi09","MaxEnt-LQP","random",0.215892039854752,0.815871371040758,0.893642293697473
"swi10","BRT-stump","spatial",0.336274882770067,0.783206914575799,0.693035715366197
"swi10","BRT-stump","random",0.360675751409094,0.807135778266519,0.750359968015662
"swi10","MaxEnt-LQP","spatial",0.347622322953995,0.787845707200312,0.67219301137529
"swi10","MaxEnt-LQP","random",0.372197251324669,0.805560785729414,0.716597178215602
"swi11","BRT-stump","spatial",0.13050084707836,0.8320068391594,0.926201491129106
"swi11","BRT-stump","random",0.142138075813586,0.847241629598596,0.956330487796782
"swi11","MaxEnt-LQP","spatial",0.139498305102507,0.845442565810431,0.717897290202556
"swi11","MaxEnt-LQP","random",0.151674663686347,0.852475799001712,0.797702601660935
"swi12","BRT-stump","spatial",0.0410930457590977,0.716151305914149,0.518815575202166
"swi12","BRT-stump","random",0.0560022218899694,0.766939357550291,0.995468990883723
"swi12","MaxEnt-LQP","spatial",0.0733193765968076,0.742369658761167,0.495816985741913
"swi12","MaxEnt-LQP","random",0.0837449523244373,0.78328830181128,0.721758117846943
"swi13","BRT-stump","spatial",0.456464245425016,0.787370865522803,0.659071596933227
"swi13","BRT-stump","random",0.463673620153963,0.795549333702399,0.673709307184643
"swi13","MaxEnt-LQP","spatial",0.384443182345614,0.739342659728476,0.598891001533621
"swi13","MaxEnt-LQP","random",0.4336787795572,0.7711723081043,0.651810578060758
"swi14","BRT-stump","spatial",0.287517898019747,0.776345794530024,0.743216093333076
"swi14","BRT-stump","random",0.310363210474435,0.799235873217452,0.808654634524126
"swi14","MaxEnt-LQP","spatial",0.326449950910332,0.795461752353684,0.811285387694401
"swi14","MaxEnt-LQP","random",0.334216001556924,0.805632605760621,0.814994769114461
"swi15","BRT-stump","spatial",0.155782533524676,0.80473996552306,0.881740757662717
"swi15","BRT-stump","random",0.158601264479684,0.811050275497662,0.910675239659039
"swi15","MaxEnt-LQP","spatial",0.17138701169724,0.820937447593494,0.939249282969879
"swi15","MaxEnt-LQP","random",0.172941455814736,0.826103312771096,0.942414710631818
"swi16","BRT-stump","spatial",0.282515980852229,0.862518195050885,0.841984527134312
"swi16","BRT-stump","random",0.288605369899728,0.867088344375365,0.842284498443845
"swi16","MaxEnt-LQP","spatial",0.303259741882788,0.86552192487188,0.862126823407195
"swi16","MaxEnt-LQP","random",0.306971803415597,0.86918409838094,0.877599089568371
"swi17","BRT-stump","spatial",0.697164147144979,0.984174377914675,0.990614396309555
"swi17","BRT-stump","random",0.712336309442679,0.986704704363128,0.996460942846147
"swi17","MaxEnt-LQP","spatial",0.750567400587248,0.987167211973992,0.995385327702934
"swi17","MaxEnt-LQP","random",0.756902450257804,0.987483356416942,0.997885366635687
"swi18","BRT-stump","spatial",0.0696277505335714,0.833993807334148,0.0264106443571523
"swi18","BRT-stump","random",0.112594793585562,0.928120017561289,-0.279199718784602
"swi18","MaxEnt-LQP","spatial",0.112753455693346,0.879913117822387,0.572116691761146
"swi18","MaxEnt-LQP","random",0.157533946685375,0.929777942093949,0.554224082045697
"swi19","BRT-stump","spatial",0.134096579176429,0.945964947389505,0.997616061449565
"swi19","BRT-stump","random",0.135515186358038,0.957163771947377,0.813887777972976
"swi19","MaxEnt-LQP","spatial",0.17041007214827,0.954614874187674,0.999114151117056
"swi19","MaxEnt-LQP","random",0.180048009121624,0.956099975774935,0.550556338552745
"swi20","BRT-stump","spatial",0.17385469420746,0.795695739753539,0.554740459797958
"swi20","BRT-stump","random",0.175754081904385,0.79536412126592,0.744277485693267
"swi20","MaxEnt-LQP","spatial",0.185215432689951,0.806636687799848,0.741859423541507
"swi20","MaxEnt-LQP","random",0.188442328092552,0.808347430117732,0.796429912030993
"swi21","BRT-stump","spatial",0.128670236540372,0.754181761963124,0.576483519715289
"swi21","BRT-stump","random",0.132955955677024,0.771159866030384,0.752523218219536
"swi21","MaxEnt-LQP","spatial",0.123319381776578,0.736980192781943,0.449293026828961
"swi21","MaxEnt-LQP","random",0.134073959024353,0.754772120309944,0.62867175419034
"swi22","BRT-stump","spatial",0.197059948354602,0.853809602054881,0.79491692678152
"swi22","BRT-stump","random",0.207707208919732,0.86712417884216,0.911863778943317
"swi22","MaxEnt-LQP","spatial",0.210053994960165,0.845420574746188,0.912330278877516
"swi22","MaxEnt-LQP","random",0.224734214293734,0.861394378178029,0.906172330520434
"swi23","BRT-stump","spatial",0.467249480963266,0.82437965592168,0.866464699332848
"swi23","BRT-stump","random",0.517827099656849,0.869954702539844,0.896974935378372
"swi23","MaxEnt-LQP","spatial",0.530270666556682,0.843008334669782,0.905299690819082
"swi23","MaxEnt-LQP","random",0.553654334328284,0.871961013681981,0.91547534556632
"swi24","BRT-stump","spatial",0.1148271151919,0.689124940417457,0.794242975206799
"swi24","BRT-stump","random",0.120755481102621,0.698125875262796,0.78521368634102
"swi24","MaxEnt-LQP","spatial",0.102500368457259,0.639561694250139,0.831825702934821
"swi24","MaxEnt-LQP","random",0.107609641098569,0.652956586964624,0.816671874996164
"swi25","BRT-stump","spatial",0.414476057851851,0.974161490683213,0.973181054553223
"swi25","BRT-stump","random",0.419852720731515,0.977951385157622,0.994166736703269
"swi25","MaxEnt-LQP","spatial",0.544909330364272,0.978589266908809,0.989015260441703
"swi25","MaxEnt-LQP","random",0.560012940638779,0.980633583356612,0.997732392369828
"swi26","BRT-stump","spatial",0.047349923526958,0.786683014713255,0.0183745013555409
"swi26","BRT-stump","random",0.087703671399155,0.871058953057739,0.427098943560073
"swi26","MaxEnt-LQP","spatial",0.0360903812489129,0.734319978890079,-1.79226475735161
"swi26","MaxEnt-LQP","random",0.14503237871351,0.853891229379178,0.930637113829057
"swi27","BRT-stump","spatial",0.183766895894565,0.744775665953073,0.873318964702647
"swi27","BRT-stump","random",0.224112024489823,0.794758229356137,0.912213730047848
"swi27","MaxEnt-LQP","spatial",0.244528522792712,0.797378769135717,0.840307472565374
"swi27","MaxEnt-LQP","random",0.253753406178438,0.808572878330285,0.869254709089833
"swi28","BRT-stump","spatial",0.548588251310994,0.82255646150835,0.681348527830521
"swi28","BRT-stump","random",0.558075182813573,0.829462521708748,0.690619759174847
"swi28","MaxEnt-LQP","spatial",0.547241490463739,0.81805391191831,0.67041545722138
"swi28","MaxEnt-LQP","random",0.569058530738639,0.831823601090588,0.694048719853632
"swi29","BRT-stump","spatial",0.052529755442698,0.655989609603534,0.846903752288499
"swi29","BRT-stump","random",0.0595547153405219,0.668235650156356,0.928912731849219
"swi29","MaxEnt-LQP","spatial",0.0769962109243987,0.682454352869981,0.806576758744801
"swi29","MaxEnt-LQP","random",0.0842622160961373,0.689057802885132,0.942398535401772
"swi30","BRT-stump","spatial",0.285062136712913,0.738220988492085,0.620344692934147
"swi30","BRT-stump","random",0.295871822931391,0.747155978297927,0.639296728381656
"swi30","MaxEnt-LQP","spatial",0.27274809917408,0.718003332465742,0.611908921411434
"swi30","MaxEnt-LQP","random",0.305850035597721,0.743825061815612,0.64827978864728
